{
	"jcubes": [
		{
			"pos": [
				2.00000000,
				0.00000000,
				0.00000000
			],
			"rot": [
				0.00000000,
				25.00000000,
				0.00000000
			],
			"size": [
				6.00000000,
				1.00000000,
				1.00000000
			],
			"type": 0
		}
	],
	"end_point": [
		0.00000000,
		0.00000000,
		0.00000000
	]
}