{
	"bare_blocks": [
		{
			"pos": [
				0.00000000,
				0.00000000,
				0.00000000
			],
			"scale": [
				1.00000000,
				1.00000000,
				1.00000000
			]
		},
		{
			"pos": [
				1.00000000,
				1.00000000,
				1.00000000
			],
			"scale": [
				1.00000000,
				1.00000000,
				1.00000000
			]
		}
	],
	"bare_triggers": [
		{
			"pos": [
				2.00000000,
				2.00000000,
				2.00000000
			],
			"scale": [
				1.00000000,
				1.00000000,
				1.00000000
			]
		}
	],
	"end_point": [
		2.50000000,
		2.50000000,
		2.50000000
	]
}